country,1990,1991,1992,1993,1994,1995,1996,1997,1998,1999,2000,2001,2002,2003,2004,2005,2006,2007,2008,2009,2010,2011,2012,2013,2014,2015,2016,2017,2018,2019
Afghanistan,0,0,0,0,0,0,,,,,,1020,1030,20800,26200,314000,557000,515000,510000,1010000,1170000,1510000,1700000,1900000,2340000,2840000,3960000,4900000,5020000,5140000
Albania,0,0,0,0,0,348,998,1510,2020,2540,3570,10200,12200,30300,75200,187000,294000,456000,716000,1220000,1330000,1440000,1590000,1660000,1740000,1830000,1920000,2070000,2070000,2010000
Algeria,0,0,0,0,102,509,509,3050,6110,61100,153000,203000,507000,708000,1520000,1940000,2480000,3230000,3540000,3970000,4500000,5460000,6800000,8580000,11500000,15200000,17400000,19700000,25200000,25700000
Andorra,0,0,0,0,0,0,983,1960,4420,4920,6890,7100,7890,9910,20500,29700,39600,58600,58700,66300,68400,67800,71200,75900,76000,75600,75700,70500,70500,70600
Angola,0,0,0,0,0,0,112,844,2830,11400,17200,23000,47400,67200,87200,222000,302000,355000,412000,518000,654000,751000,1630000,2320000,5770000,3460000,3750000,4280000,4420000,4560000
Antigua and Barbuda,0,0,0,0,0,1510,2010,2500,2980,3960,4930,6870,9790,13700,19500,22000,24800,28600,32500,36400,41400,46400,52400,58000,62700,65500,69000,72500,73200,73800
Argentina,0,0,1000,10000,15000,30000,50000,100000,300000,1200000,2600000,3650000,4100000,4540000,6170000,6890000,8220000,10300000,11300000,13800000,18400000,21100000,23300000,25300000,27600000,29300000,30900000,32600000,33000000,33300000
Armenia,0,0,0,0,299,1700,3000,3500,4000,30000,39900,49800,59500,138000,147000,157000,167000,177000,181000,442000,719000,920000,1080000,1210000,1590000,1730000,1890000,1910000,1910000,1910000
Australia,99200,189000,308000,348000,397000,497000,596000,3010000,5730000,7660000,8880000,10100000,10200000,10300000,10500000,12700000,13500000,14500000,15300000,16200000,16800000,17900000,18100000,19400000,19800000,20200000,21000000,21300000,21500000,21800000
Austria,10100,20100,50300,60400,111000,151000,554000,766000,1240000,1860000,2720000,3170000,2970000,3490000,4460000,4790000,5270000,5770000,6080000,6150000,6320000,6660000,6800000,6900000,6980000,7280000,7380000,7760000,7800000,7860000
Azerbaijan,0,0,0,0,110,160,499,2000,3000,7990,12000,25000,414000,418000,422000,686000,1030000,1270000,1510000,2450000,4150000,4570000,5020000,6850000,7130000,7410000,7610000,7780000,7940000,8020000
Bahamas,0,0,0,0,0,2690,4960,3920,6790,11100,23800,35700,55400,62600,70200,81200,86100,91100,108000,118000,153000,234000,261000,264000,285000,292000,302000,324000,328000,331000
Bahrain,0,0,0,0,0,1950,4880,9790,19800,30000,40900,105000,133000,168000,178000,189000,271000,341000,579000,628000,682000,984000,1140000,1180000,1210000,1280000,1400000,1430000,1550000,1640000
Bangladesh,0,0,0,0,0,0,,902,4520,45300,90700,169000,185000,221000,273000,336000,1410000,2570000,3610000,4520000,5460000,6720000,7550000,10100000,21500000,22500000,28500000,24000000,24200000,21000000
Barbados,0,0,0,0,0,21,1040,2100,5310,6430,10800,32500,76100,109000,137000,145000,153000,162000,172000,182000,184000,188000,202000,204000,214000,217000,227000,234000,234000,235000
Belarus,0,0,0,0,49,294,2940,4910,7370,49100,184000,422000,872000,866000,861000,856000,1540000,1870000,2170000,2590000,3000000,3730000,4420000,5100000,5570000,5870000,6720000,7030000,7480000,7830000
Belgium,101,2020,10100,20200,70700,101000,303000,505000,807000,1410000,3030000,3230000,4800000,5210000,5640000,5890000,6340000,6890000,7110000,7600000,8200000,8990000,8950000,9170000,9540000,9600000,9820000,10000000,10200000,10400000
Belize,0,0,0,0,0,94,1890,2860,4820,9740,14700,15200,14900,15300,27100,48200,69900,73600,80700,85600,90900,101000,105000,116000,137000,150000,164000,177000,180000,184000
Benin,0,0,0,0,0,0,103,1550,3100,10300,15500,25700,51300,71500,91600,101000,126000,151000,161000,200000,288000,392000,438000,490000,617000,1190000,1300000,2240000,2300000,2360000
Bhutan,0,0,0,0,0,0,,,,795,2370,5220,10300,15300,20200,25000,29700,39400,44000,48600,93200,99800,109000,159000,218000,290000,308000,359000,363000,367000
Bolivia,0,0,0,0,0,5090,15300,35500,50700,81100,121000,182000,273000,312000,403000,483000,583000,1000000,1220000,1660000,2250000,3060000,3670000,3900000,3700000,3870000,4380000,4910000,4980000,5050000
Bosnia and Herzegovina,0,0,0,0,0,0,569,2220,5370,7280,40600,45100,99600,149000,582000,803000,946000,1050000,1300000,1410000,1580000,1610000,1620000,1720000,1740000,1800000,2040000,2170000,2330000,2310000
Botswana,0,0,0,0,0,948,2370,4740,9490,18100,47700,57500,57700,58000,58300,58700,78800,99000,120000,120000,119000,181000,326000,619000,767000,791000,850000,1040000,1060000,1080000
Brazil,0,4990,20000,40000,60100,170000,742000,1310000,2510000,3510000,5020000,8020000,16400000,24000000,35100000,39100000,53000000,58700000,65000000,76000000,79600000,90200000,96800000,103000000,111000000,119000000,125000000,140000000,141000000,142000000
Brunei,0,0,0,0,0,3020,10100,15100,20100,25000,30000,43900,53200,69200,107000,133000,156000,168000,175000,188000,206000,220000,240000,261000,282000,295000,378000,403000,406000,412000
Bulgaria,0,0,0,201,1660,10000,60100,100000,150000,235000,430000,604000,714000,940000,1400000,1540000,2070000,2550000,2980000,3360000,3430000,3540000,3810000,3870000,4020000,4080000,4280000,4500000,4570000,4760000
Burkina Faso,0,0,0,0,0,0,100,1990,4980,6970,8950,18800,24700,47300,52200,63100,87500,107000,135000,171000,375000,482000,617000,1550000,1650000,2540000,2600000,3070000,3160000,3250000
Burundi,0,0,0,0,0,0,49,489,980,2460,4930,6920,7930,13900,24900,39900,50000,55000,65800,75600,86800,99400,113000,121000,136000,494000,543000,288000,297000,307000
Cambodia,0,0,0,0,0,0,,660,1890,3800,5720,9550,28700,33500,39300,42100,63100,67000,70800,74700,180000,451000,730000,1020000,2140000,999000,5110000,5190000,6500000,6590000
Cameroon,0,0,0,0,0,0,,971,1950,19500,39100,44100,59000,98700,168000,249000,370000,549000,655000,760000,875000,1050000,1610000,2210000,3680000,4820000,5550000,5700000,5850000,6000000
Canada,99400,159000,259000,338000,687000,1210000,1990000,4480000,7470000,11000000,15700000,18600000,19200000,20200000,21000000,23000000,23600000,24100000,25600000,27100000,27400000,28700000,29000000,30300000,31100000,32400000,33200000,33400000,33700000,34000000
Cape Verde,0,0,0,0,0,0,,974,1950,4880,7800,11700,15600,19500,24300,28100,31900,39400,67300,102000,148000,160000,176000,192000,209000,224000,267000,307000,316000,320000
Central African Republic,0,0,0,0,0,0,194,484,969,1460,1940,2920,4890,5880,8850,10800,12800,15800,42700,78100,87700,97200,133000,151000,161000,171000,182000,199000,202000,206000
Chad,0,0,0,0,0,0,,49,332,992,2980,3990,15000,30000,35100,40300,60800,91700,133000,173000,203000,235000,268000,331000,396000,494000,728000,976000,1010000,1040000
Chile,0,0,5010,10000,20000,49900,99700,156000,249000,622000,2550000,2960000,3470000,4040000,4510000,5050000,5640000,5930000,6230000,7020000,7680000,9000000,9580000,10200000,10900000,13800000,15200000,15200000,15400000,15600000
China,0,0,0,2060,14400,61500,164000,409000,2140000,9080000,22900000,34300000,60100000,81500000,96600000,113000000,141000000,215000000,306000000,393000000,470000000,527000000,586000000,637000000,670000000,708000000,752000000,772000000,775000000,779000000
Colombia,0,0,0,0,38300,68500,122000,208000,432000,662000,875000,1150000,1880000,3070000,3840000,4690000,6630000,9530000,11300000,13400000,16500000,18400000,22600000,24000000,24700000,26600000,28000000,30500000,30900000,32700000
Comoros,0,0,0,0,0,0,,0,195,784,1470,2460,3160,4950,7930,12200,13800,16000,19700,23600,35200,38900,43300,48200,53000,58000,63200,69000,70600,72100
"Congo, Dem. Rep.",0,0,0,0,0,0,46,93,185,463,2780,5560,46300,69400,104000,130000,168000,216000,266000,350000,465000,801000,1160000,1570000,2210000,2900000,4890000,7020000,7250000,7480000
"Congo, Rep.",0,0,0,0,0,0,98,99,101,510,824,1040,5210,15700,37800,53000,75200,107000,172000,187000,214000,246000,275000,305000,337000,370000,405000,442000,454000,465000
Costa Rica,0,0,37,2750,9680,14800,30600,61000,101000,152000,230000,386000,816000,847000,879000,946000,1090000,1250000,1440000,1550000,1670000,1820000,2230000,2180000,2540000,2900000,3230000,3530000,3700000,4100000
Cote d'Ivoire,0,0,0,0,0,28,1230,2850,9510,19000,38100,66700,85800,134000,153000,191000,286000,345000,373000,401000,554000,610000,1080000,2650000,4370000,8930000,9820000,10700000,11700000,9370000
Croatia,0,0,0,4570,12500,23700,39300,78400,147000,196000,294000,510000,781000,998000,1360000,1450000,1660000,1810000,1930000,2200000,2450000,2490000,2660000,2850000,2920000,2950000,3060000,2810000,3020000,3270000
Cuba,0,0,0,0,0,10,3500,7500,25000,34900,60200,121000,422000,589000,946000,1100000,1260000,1320000,1450000,1610000,1780000,1800000,2390000,3150000,3290000,4220000,4870000,6480000,6480000,7010000
Cyprus,0,0,401,462,929,3510,5880,39000,80800,105000,144000,181000,277000,299000,342000,337000,375000,434000,458000,547000,590000,640000,689000,749000,799000,833000,888000,953000,1000000,1030000
Czech Republic,0,0,0,60200,130000,151000,201000,301000,402000,704000,1010000,1510000,2450000,3510000,3640000,3620000,4940000,5380000,6560000,6760000,7250000,7450000,7770000,7850000,7860000,8020000,8120000,8380000,8610000,8640000
Denmark,5000,10000,20000,30000,70100,200000,300000,601000,1200000,1630000,2090000,2300000,3450000,4110000,4370000,4490000,4720000,4650000,4670000,4800000,4930000,5010000,5180000,5340000,5440000,5480000,5540000,5570000,5620000,5660000
Djibouti,0,0,0,0,0,101,201,548,644,740,1400,2520,3640,4760,6030,7470,10100,13000,18500,33100,54600,59800,71800,83900,96300,109000,122000,526000,534000,542000
Dominica,0,0,0,0,0,390,827,823,2050,2050,6140,9230,12900,16600,21300,27200,27900,28500,29200,29800,33600,34500,35300,36200,40900,46300,47800,49800,49900,50000
Dominican Republic,0,0,0,0,0,1350,5960,11500,19200,92200,314000,381000,595000,699000,796000,1040000,1370000,1650000,1970000,2650000,3040000,3730000,4200000,4610000,5040000,5570000,6640000,7100000,7950000,8040000
Ecuador,0,0,548,1800,3900,5020,10100,13200,15300,102000,185000,345000,560000,596000,657000,829000,1010000,1540000,2730000,3630000,4360000,4780000,5440000,6330000,7270000,7930000,8920000,9610000,9780000,9950000
Egypt,0,0,0,584,3900,19500,39100,58700,98000,196000,441000,589000,1940000,2940000,8840000,9630000,10500000,12500000,14300000,16200000,17900000,21600000,22800000,26000000,30600000,35000000,39000000,43400000,46200000,57500000
El Salvador,0,0,0,0,0,0,4920,14800,24700,49400,69300,88900,113000,150000,193000,254000,334000,373000,618000,746000,983000,1170000,1270000,1450000,1560000,1700000,1840000,2160000,2170000,2180000
Equatorial Guinea,0,0,0,0,0,0,,222,527,567,802,1040,2120,3570,6050,8620,10000,12800,15700,19200,56600,113000,144000,177000,212000,249000,289000,331000,343000,356000
Eritrea,0,0,0,0,0,0,0,198,194,570,3130,3750,5630,5910,6180,6420,6630,12300,14400,16800,19300,22500,26000,29500,32800,36200,39700,44700,45200,45800
Estonia,0,0,996,4480,16900,39800,50000,80400,152000,204000,400000,439000,574000,622000,725000,833000,857000,890000,946000,969000,987000,1020000,1040000,1060000,1110000,1160000,1150000,1160000,1180000,1190000
Eswatini,0,0,0,0,0,10,477,853,942,4680,9310,13000,18500,24900,33100,38100,38300,42700,71900,94500,118000,194000,224000,268000,287000,283000,318000,529000,534000,540000
Ethiopia,0,0,0,0,0,10,1000,3020,6040,8070,10100,25300,50800,76400,115000,168000,244000,298000,373000,460000,657000,992000,2690000,4390000,7550000,14000000,15900000,19800000,20300000,20900000
Fiji,0,0,0,50,61,71,505,1770,5070,7600,12100,15100,50200,54900,60600,69500,79500,91100,110000,145000,172000,242000,292000,305000,324000,369000,406000,438000,441000,445000
Finland,20000,70100,95200,130000,251000,712000,862000,1000000,1310000,1670000,1930000,2240000,3250000,3620000,3790000,3920000,4200000,4280000,4450000,4410000,4660000,4780000,4870000,4980000,4730000,4740000,4820000,4820000,4910000,4960000
France,29900,79700,159000,339000,518000,947000,1500000,2480000,3690000,5360000,8440000,15600000,18000000,21800000,23800000,26200000,28800000,40900000,44000000,44800000,48600000,49200000,51800000,52300000,53800000,50300000,51300000,52200000,53300000,54300000
Gabon,0,0,0,0,0,0,0,548,1990,2990,14900,17000,25000,35100,40300,68000,78500,84900,114000,149000,211000,303000,420000,555000,717000,892000,965000,1280000,1310000,1350000
Gambia,0,0,0,0,0,104,413,616,2550,9140,12100,18200,25200,35300,49500,58600,83400,102000,116000,133000,165000,201000,237000,275000,315000,344000,398000,439000,452000,466000
Georgia,0,0,0,0,0,589,1940,2870,4710,18600,21100,42600,67600,108000,164000,256000,315000,344000,415000,827000,1100000,1290000,1500000,1750000,1780000,1910000,2350000,2390000,2560000,2750000
Germany,99500,199000,348000,373000,746000,1490000,2480000,5460000,8040000,17000000,24600000,25800000,39800000,45600000,52800000,56100000,58800000,61100000,63200000,63900000,66300000,65700000,66700000,68300000,70200000,71600000,69200000,69800000,74600000,73600000
Ghana,0,0,0,0,0,59,986,4930,5920,19700,29600,39500,168000,248000,365000,399000,609000,884000,1010000,1310000,1930000,2280000,2760000,3990000,6950000,6960000,9870000,11400000,11600000,11900000
Greece,0,5030,5030,20100,40300,80600,151000,202000,353000,758000,1010000,1220000,1640000,2000000,2410000,2690000,3610000,3990000,4220000,4650000,4830000,5590000,5940000,6430000,6760000,7120000,7330000,7460000,7680000,7930000
Grenada,0,0,0,0,0,0,301,1010,1520,2530,4180,5290,15300,19400,20400,21400,22500,23400,24400,25400,28700,32000,34400,37900,56200,59000,61600,65500,65800,66200
Guatemala,0,0,0,0,0,312,2080,10400,51900,67500,83000,207000,414000,569000,653000,746000,871000,1000000,1160000,1330000,1540000,1840000,2440000,3070000,3730000,4680000,5720000,11000000,11200000,11400000
Guinea,0,0,0,0,10,49,145,291,488,4900,7860,14800,34500,39500,45400,49400,59300,74200,89600,93700,102000,208000,330000,490000,714000,937000,1150000,2170000,2230000,2300000
Guinea-Bissau,0,0,0,0,0,0,,186,278,1390,2760,3680,12800,17400,23800,25600,28300,31100,34100,34200,37300,41800,46400,51100,56200,61500,67000,71900,73700,75500
Guyana,0,0,0,0,0,0,501,999,1990,29700,49400,98400,98400,98400,98500,98500,98600,103000,136000,179000,224000,226000,230000,235000,244000,261000,275000,289000,291000,292000
Haiti,0,0,0,0,0,0,590,601,1960,5880,19600,29300,78200,147000,489000,586000,635000,684000,733000,794000,833000,909000,1000000,1100000,1200000,1300000,1330000,1350000,3610000,3660000
Honduras,0,0,0,0,0,2100,2570,10300,18700,36700,79100,95600,180000,341000,408000,485000,595000,734000,766000,799000,922000,1350000,1570000,1570000,1710000,2470000,2730000,2990000,3040000,3090000
Hungary,0,351,5010,20000,50100,70100,100000,200000,400000,600000,715000,1480000,1690000,2190000,2810000,3930000,4730000,5340000,6100000,6170000,6450000,6730000,6960000,7140000,7420000,7120000,7730000,7470000,7380000,7780000
Iceland,0,1300,4000,7010,18000,30000,40000,74900,99800,115000,125000,140000,226000,239000,244000,257000,268000,276000,283000,294000,299000,307000,313000,316000,323000,324000,326000,329000,333000,336000
India,0,0,1010,2020,10100,253000,455000,708000,1420000,2840000,5570000,7100000,16800000,18700000,22300000,27400000,32700000,46700000,52600000,62300000,92600000,126000000,159000000,193000000,272000000,223000000,291000000,461000000,466000000,471000000
Indonesia,0,0,0,0,2060,51400,113000,395000,525000,927000,1960000,4330000,4640000,5260000,5810000,8150000,10900000,13400000,18600000,16500000,26400000,30100000,36100000,37600000,43700000,56800000,66600000,85500000,106000000,129000000
Iran,0,0,0,0,247,2570,9860,29500,63900,245000,613000,986000,3110000,4720000,5160000,5650000,6180000,6760000,8670000,10100000,11700000,14200000,17200000,22900000,30500000,35600000,42300000,51700000,57300000,58000000
Iraq,0,0,0,0,0,0,,,,,,24200,125000,154000,237000,242000,261000,260000,284000,307000,744000,1540000,2260000,3050000,4550000,20600000,7770000,18500000,19000000,19400000
Ireland,0,2000,5990,9970,19900,39800,79600,149000,299000,408000,675000,889000,1010000,1370000,1500000,1720000,2320000,2640000,2890000,3030000,3180000,3440000,3540000,3610000,3860000,3880000,3990000,4000000,4070000,4130000
Israel,4930,9850,14800,19700,29500,49000,118000,245000,587000,783000,1240000,1050000,1100000,1230000,1460000,1650000,1860000,3300000,4170000,4540000,4960000,5160000,5390000,5430000,5890000,6170000,6460000,6730000,6840000,7390000
Italy,10000,20000,40000,70000,110000,300000,584000,1300000,2590000,8150000,13100000,15500000,16000000,16700000,19300000,20400000,22200000,24000000,26200000,28900000,31800000,32400000,33400000,35200000,33600000,35200000,37200000,38300000,45100000,45000000
Jamaica,0,0,0,0,924,2770,15100,20600,51600,62000,82700,103000,164000,211000,273000,351000,452000,584000,657000,679000,778000,1060000,960000,1060000,1160000,1220000,1290000,1610000,1620000,1620000
Japan,25300,50500,121000,504000,1010000,2010000,5540000,11600000,17100000,27200000,38200000,49200000,59600000,62000000,80000000,85900000,88200000,95500000,96900000,100000000,101000000,102000000,102000000,113000000,114000000,117000000,119000000,108000000,108000000,107000000
Jordan,0,0,0,0,0,1070,2130,29100,64600,127000,134000,246000,320000,460000,651000,746000,831000,1250000,1510000,1790000,1980000,2670000,2990000,3530000,4120000,5570000,5950000,6540000,6660000,6750000
Kazakhstan,0,0,0,0,83,1790,4980,9950,19900,69700,99800,150000,251000,302000,404000,456000,508000,631000,1740000,2920000,5140000,8340000,10400000,10800000,11400000,12400000,13300000,13800000,14500000,15200000
Kenya,0,0,0,0,0,202,2530,10100,15200,35500,102000,204000,408000,1020000,1080000,1140000,1360000,1700000,2070000,2500000,3030000,3800000,4660000,5920000,7710000,7940000,8140000,8950000,9160000,11900000
Kiribati,0,0,0,0,0,0,,,503,1010,1510,2010,2180,2670,3170,3690,4250,5790,6910,9050,9340,10500,11400,12400,13400,14400,15400,16600,16900,17100
Kuwait,0,0,0,1620,2440,3260,13900,37200,55900,92800,138000,180000,219000,484000,505000,589000,683000,871000,1120000,1430000,1840000,2080000,2360000,2660000,2900000,2760000,3100000,4060000,4120000,4190000
Kyrgyz Republic,0,0,0,0,0,0,,,3490,9950,51200,149000,150000,196000,257000,535000,631000,727000,825000,854000,884000,966000,1110000,1320000,1650000,1800000,2250000,2350000,2400000,2440000
Lao,0,0,0,0,0,0,,,497,1980,5910,9830,14700,18600,20500,48900,68400,97500,215000,369000,437000,571000,693000,818000,947000,1230000,1500000,1770000,1800000,1830000
Latvia,0,0,0,0,0,0,20100,50400,80600,106000,151000,170000,512000,622000,879000,1040000,1190000,1300000,1380000,1430000,1450000,1460000,1510000,1540000,1530000,1580000,1580000,1560000,1610000,1640000
Lebanon,0,0,0,0,0,2530,5060,45400,101000,202000,306000,271000,293000,351000,411000,476000,714000,893000,1070000,1450000,2160000,2710000,3390000,4170000,4570000,4830000,5110000,5330000,5360000,5360000
Lesotho,0,0,0,0,0,0,55,110,219,1090,4310,5320,22000,30900,43600,51500,59300,68500,71100,74000,77000,140000,201000,304000,450000,515000,568000,607000,611000,616000
Liberia,0,0,0,0,0,0,,104,103,306,504,999,989,981,972,998,1030,19100,19100,75100,89500,100000,108000,136000,236000,1480000,336000,375000,385000,394000
Libya,0,0,0,0,0,0,,,,7050,10000,20000,124000,158000,202000,227000,253000,282000,545000,662000,868000,875000,880000,1040000,1130000,1220000,1320000,1430000,1450000,1470000
Liechtenstein,0,0,0,0,0,0,,,,,12100,15100,20200,20100,22000,22000,22500,22900,24800,26800,28800,30900,32700,34700,35400,36200,36900,37100,37200,37300
Lithuania,0,0,0,0,0,0,10000,35000,70100,103000,225000,249000,609000,885000,1060000,1210000,1450000,1630000,1770000,1890000,1940000,1960000,2050000,2060000,2140000,2090000,2150000,2210000,2230000,2250000
Luxembourg,0,0,600,1200,2000,6490,23000,30000,50000,75000,99800,159000,177000,244000,298000,320000,338000,375000,399000,434000,460000,468000,488000,509000,525000,546000,568000,576000,586000,598000
Madagascar,0,0,0,0,0,0,514,2060,9270,25800,31000,36200,57000,73100,93500,104000,115000,126000,330000,335000,360000,413000,514000,689000,873000,1010000,1170000,2510000,2570000,2640000
Malawi,0,0,0,0,0,0,,479,1910,9470,14100,18800,25200,33500,42700,48500,55200,129000,96100,151000,329000,498000,670000,800000,950000,888000,1970000,2440000,2500000,2570000
Malaysia,0,0,199,4980,19900,29800,179000,498000,1490000,2790000,4960000,6330000,7830000,8640000,10600000,12500000,13500000,14900000,15200000,15500000,15900000,17500000,19100000,16800000,19000000,21500000,24200000,24900000,25600000,26900000
Maldives,0,0,0,0,0,0,588,816,1530,3060,6160,10400,15700,18100,20500,22000,36100,54600,79700,87600,97000,129000,155000,183000,214000,248000,281000,314000,326000,335000
Mali,0,0,0,0,0,0,202,1020,2050,6480,15600,21000,26400,37200,53500,64800,96300,111000,222000,262000,301000,341000,447000,576000,1190000,1800000,2000000,2410000,2480000,2560000
Malta,0,0,0,0,0,848,4000,15000,25200,30300,51600,70900,115000,127000,139000,167000,164000,191000,205000,242000,261000,284000,288000,294000,315000,329000,340000,355000,358000,378000
Marshall Islands,0,0,0,0,0,0,19,19,19,487,779,877,1220,1370,1960,2140,2120,2210,2580,3150,3950,5650,7090,7970,9610,11100,17200,22500,22600,22800
Mauritania,0,0,0,0,0,0,,102,1010,3040,5050,7070,10100,12100,14200,20300,30500,45900,61600,77400,140000,162000,185000,237000,421000,615000,749000,891000,916000,941000
Mauritius,0,0,0,0,0,0,2100,5490,29900,54700,86300,105000,123000,147000,166000,185000,205000,249000,270000,280000,354000,437000,444000,504000,563000,631000,659000,701000,743000,813000
Mexico,0,5030,15100,25100,39100,94000,187000,594000,1220000,1810000,5030000,7060000,12100000,13300000,14700000,18200000,21000000,22700000,24100000,29600000,35400000,43000000,46600000,51600000,53400000,70000000,73400000,79700000,83000000,89400000
"Micronesia, Fed. Sts.",0,0,0,0,0,0,301,619,2010,3020,4010,5000,5960,9870,11700,12600,13400,14200,15000,15800,20600,23600,27100,29400,31900,34300,36800,39400,39800,40200
Moldova,0,0,0,0,36,150,200,1210,11100,25400,53900,62300,158000,309000,443000,609000,814000,845000,962000,1130000,1320000,1550000,1770000,2440000,2730000,2810000,2890000,3090000,3080000,3080000
Monaco,0,0,0,0,0,0,,,,,13600,15100,15800,16400,17600,18800,21000,22200,23400,24700,26700,28900,31700,33500,34500,35200,36200,37300,37500,37800
Mongolia,0,0,0,0,0,202,421,2630,3440,12100,30100,40000,49800,50400,50900,51500,52200,233000,258000,267000,277000,346000,463000,510000,586000,675000,681000,738000,752000,1650000
Montenegro,,,,,,,,,,,,,,,156000,167000,179000,191000,204000,219000,234000,223000,356000,378000,382000,427000,438000,447000,449000,461000
Morocco,0,0,0,0,0,1000,1550,6010,40000,50000,200000,399000,699000,999000,3500000,4590000,6090000,6700000,10400000,13200000,16800000,15100000,18400000,18900000,19400000,19800000,20500000,22000000,23300000,27100000
Mozambique,0,0,0,0,0,0,486,1940,3400,9700,19400,29200,48700,81100,135000,175000,178000,197000,348000,614000,981000,1040000,1490000,1860000,2430000,4580000,4880000,2860000,2950000,3040000
Myanmar,0,0,0,0,0,0,,,,70,71,137,203,11600,11800,31900,89800,108000,110000,111000,127000,500000,2060000,4150000,6020000,11400000,13300000,16400000,16500000,16600000
Namibia,0,0,0,0,0,100,150,998,4970,5930,29500,44100,48800,63100,72600,77700,86700,97000,109000,135000,246000,259000,284000,310000,337000,595000,732000,1230000,1250000,1270000
Nauru,0,0,0,0,0,0,,,,,,305,302,298,296,294,294,,,,,5440,5470,5510,5560,5600,5660,6030,6090,6140
Nepal,0,0,0,0,0,200,996,4970,14800,34500,49000,58400,77400,96000,114000,213000,298000,372000,461000,530000,2140000,2430000,3010000,3580000,4150000,4750000,5370000,9400000,9550000,9730000
Netherlands,50000,80100,200000,300000,501000,1000000,1500000,2200000,3500000,6200000,7010000,7910000,9870000,10400000,11200000,13300000,13800000,14200000,14500000,14900000,15100000,15300000,15600000,15800000,15500000,15500000,15400000,15900000,16200000,15900000
New Zealand,0,0,10000,22500,115000,179000,299000,548000,1200000,1580000,1830000,2080000,2340000,2450000,2520000,2590000,2890000,2950000,3080000,3450000,3520000,3590000,3650000,3740000,3910000,4070000,4120000,4270000,4310000,4340000
Nicaragua,0,0,0,0,600,1400,3990,9960,14900,24900,49700,74500,89500,99500,125000,140000,155000,218000,300000,419000,582000,626000,808000,940000,1080000,1230000,1550000,1780000,1800000,1820000
Niger,0,0,0,0,0,0,102,204,307,3080,4110,12400,15500,19700,24900,30200,41600,57300,107000,120000,137000,154000,187000,213000,240000,495000,899000,2210000,1180000,1220000
Nigeria,0,0,0,0,0,0,9780,19600,29300,48900,78400,113000,412000,737000,1740000,4930000,7900000,9910000,12000000,14400000,18200000,22500000,26900000,32800000,37000000,65200000,47700000,80200000,82300000,84400000
North Korea,0,0,0,0,0,0,,0,0,0,0,0,0,0,0,0,0,0,0,0,0,0,0,0,0,0,0,0,,0
North Macedonia,0,0,0,0,0,808,1510,10100,20200,30300,50600,70900,355000,392000,503000,545000,590000,750000,952000,1070000,1070000,1180000,1190000,1350000,1410000,1460000,1500000,1550000,1650000,1650000
Norway,30000,60100,95100,120000,180000,281000,802000,903000,1000000,1790000,2340000,2890000,3310000,3570000,3570000,3800000,3860000,4100000,4320000,4440000,4560000,4630000,4750000,4830000,4950000,5030000,5110000,5100000,5150000,5270000
Oman,0,0,0,0,0,0,0,9890,19400,56700,79800,135000,160000,173000,165000,168000,214000,443000,550000,771000,1090000,1560000,2100000,2500000,2830000,3140000,3440000,3740000,3870000,4600000
Pakistan,0,0,0,0,0,152,3810,36100,59300,76700,78800,1920000,3850000,7720000,9660000,10200000,10700000,11400000,12000000,13200000,14400000,16500000,18700000,20800000,23400000,27900000,25200000,32200000,32900000,37000000
Palau,0,0,0,0,0,0,,,,,,,3980,4280,5360,5340,5270,5170,5050,4930,,,,,,,,,,
Palestine,0,0,0,0,0,0,,,,,35800,60800,105000,142000,154000,573000,674000,795000,939000,1280000,1520000,1700000,1840000,2020000,2380000,2600000,2840000,3100000,3130000,3520000
Panama,0,0,0,0,205,1540,6150,15400,80100,114000,199000,225000,268000,321000,364000,382000,588000,770000,1190000,1400000,1460000,1580000,1520000,1690000,1750000,2030000,2180000,2380000,2420000,2700000
Papua New Guinea,0,0,0,0,0,0,110,5480,13100,38100,48800,54000,80600,85500,95800,111000,117000,122000,80200,115000,93600,149000,267000,397000,517000,641000,794000,946000,965000,984000
Paraguay,0,0,0,0,0,0,995,4980,9960,19900,39800,59600,99300,119000,198000,461000,471000,672000,868000,1160000,1240000,1570000,1880000,2400000,2840000,3330000,3620000,4190000,4520000,4830000
Peru,0,0,0,0,2030,8120,61000,102000,305000,509000,814000,2030000,2430000,3180000,3900000,4770000,5820000,7140000,8730000,9040000,10100000,10500000,11300000,11700000,12100000,12400000,14100000,15300000,16800000,19500000
Philippines,0,0,0,0,3990,19900,39900,100000,824000,1090000,1550000,2010000,3520000,4030000,4440000,4660000,5050000,5340000,5650000,8320000,23500000,27700000,35200000,47600000,49900000,36800000,57500000,63200000,64000000,46500000
Poland,0,1990,19900,49800,149000,249000,499000,799000,1580000,2100000,2810000,3810000,8140000,9560000,12500000,14900000,17100000,18600000,20400000,22600000,23900000,23700000,23800000,24000000,25400000,25900000,27800000,28800000,29400000,32000000
Portugal,0,9940,24900,45000,72200,151000,302000,504000,1010000,1510000,1690000,1870000,2010000,3090000,3330000,3680000,4010000,4450000,4680000,5120000,5650000,5840000,6350000,6500000,6730000,7120000,7270000,7590000,7660000,7710000
Qatar,0,0,0,0,0,977,4860,16500,19400,23200,28800,37900,65500,131000,156000,214000,296000,451000,636000,879000,1280000,1400000,1520000,1990000,2250000,2380000,2520000,2650000,2770000,2820000
Romania,0,0,0,861,6080,17200,50500,101000,503000,602000,800000,998000,1440000,1930000,3240000,4600000,5240000,5950000,6750000,7550000,8170000,8140000,9280000,10000000,10800000,11100000,11800000,12500000,13800000,14300000
Russia,0,0,997,20000,79800,220000,399000,699000,1200000,1500000,2890000,4290000,5990000,12000000,18500000,21900000,25800000,35300000,38400000,41600000,61700000,70400000,91900000,98100000,102000000,102000000,106000000,111000000,118000000,121000000
Rwanda,0,0,0,0,0,0,53,104,819,5040,4990,19800,24700,30500,37400,49200,50300,196000,429000,753000,803000,721000,846000,973000,1170000,2050000,2330000,2610000,2680000,2750000
Samoa,0,0,0,0,0,0,,300,398,495,988,2960,3960,4970,5490,6030,8080,8650,9220,11100,13000,20600,24400,29200,40800,49200,57200,65700,65900,66200
San Marino,0,0,0,0,0,353,375,377,378,11600,13400,14000,14300,14300,14600,14700,14900,15100,16600,16700,16900,15700,15900,16100,16300,16500,16600,20300,20300,20400
Sao Tome and Principe,0,0,0,0,0,0,,,408,508,6600,9140,11200,15300,20500,21700,22900,24300,26500,28900,33800,37200,40600,44200,47800,51500,56900,62000,63200,64400
Saudi Arabia,0,0,0,0,0,2040,5090,10100,20100,99700,457000,993000,1390000,1800000,2370000,3030000,4770000,7560000,9320000,10100000,11200000,13400000,15700000,18200000,20000000,22100000,24300000,27200000,31400000,32800000
Senegal,0,0,0,0,0,60,1000,2500,7470,29800,39600,98700,104000,222000,474000,531000,639000,805000,855000,925000,1010000,1280000,1450000,1810000,2510000,3940000,3850000,7090000,7290000,7500000
Serbia,,,,,,,,,,,,,,,2170000,2420000,2490000,3020000,3230000,3440000,3680000,3780000,4300000,4770000,5520000,5800000,5940000,6210000,6460000,6790000
Seychelles,0,0,0,0,0,0,506,1010,2000,4980,5990,9080,12000,12500,21200,22500,31300,34600,36600,36700,37400,39700,43600,47100,48300,51500,54100,56700,57100,57400
Sierra Leone,0,0,0,0,0,0,108,216,649,2160,5420,7620,8750,9890,11000,12200,13300,14400,15300,16300,37200,59100,168000,275000,425000,455000,863000,674000,689000,703000
Singapore,0,5010,15100,25200,40500,101000,304000,505000,756000,955000,1450000,1700000,1930000,2220000,2590000,2600000,2600000,3200000,3300000,3430000,3640000,3740000,3870000,4410000,4370000,4420000,4770000,4820000,5080000,5160000
Slovak Republic,0,0,0,6840,17100,28100,42200,63300,145000,294000,509000,677000,2170000,2320000,2860000,2980000,3030000,3340000,3570000,3780000,4090000,4030000,4150000,4220000,4340000,4220000,4380000,4450000,4400000,4520000
Slovenia,0,0,0,8200,21400,57700,101000,151000,201000,251000,300000,600000,553000,633000,812000,934000,1080000,1140000,1170000,1300000,1430000,1380000,1410000,1500000,1480000,1510000,1570000,1640000,1660000,1730000
Solomon Islands,0,0,0,0,0,89,993,1490,1990,1990,1990,1990,2190,2480,2980,3970,7920,9840,15100,20600,26400,32500,38900,45700,52800,60300,68100,75800,77800,79900
Somalia,0,0,0,0,0,0,116,234,590,1190,1770,7260,11000,36900,107000,113000,118000,124000,130000,136000,140000,155000,175000,196000,219000,243000,267000,292000,301000,309000
South Africa,0,5010,15000,45100,100000,280000,356000,702000,1270000,1830000,2410000,2890000,3100000,3270000,3980000,3590000,3690000,3960000,4200000,5050000,12300000,17700000,21700000,25000000,26700000,28800000,30400000,32000000,32500000,32900000
South Korea,9990,20000,43100,111000,140000,371000,743000,1660000,3160000,11100000,21200000,27000000,28500000,31600000,35300000,35800000,38200000,38600000,39800000,40300000,41500000,41700000,42100000,42700000,44300000,45700000,47300000,48600000,49100000,49300000
South Sudan,,,,,,,,,,,,,,,,,,,,,,,,397000,477000,589000,724000,870000,876000,882000
Spain,5050,10100,30300,50500,111000,152000,532000,1120000,1750000,2870000,5560000,7500000,8550000,17000000,19100000,21100000,22500000,25000000,27500000,29100000,30900000,31600000,32900000,33600000,35600000,36700000,37600000,39500000,40200000,42400000
Sri Lanka,0,0,0,0,500,1000,10000,30000,55000,65000,122000,150000,200000,280000,280000,350000,500000,770000,1160000,1770000,2430000,3060000,3750000,4530000,5360000,2530000,3450000,7210000,7240000,7270000
St. Kitts and Nevis,0,0,0,0,0,0,826,968,1450,1920,2590,3440,9550,10500,11500,15900,18200,20800,23700,27100,30900,31200,31900,32500,34500,38800,39700,42000,42300,42600
St. Lucia,0,0,0,0,0,449,998,1500,2000,3000,7980,12900,23300,33700,34600,35200,40500,46800,51000,53400,56600,59700,61500,63900,70800,76200,84100,92000,92400,92900
St. Vincent and the Grenadines,0,0,0,0,0,139,522,1000,2000,3000,3500,5500,6000,7000,8000,9990,13000,17400,22800,33600,36500,39800,43400,47300,51600,18700,22600,24200,24700,24800
Sudan,0,0,0,0,0,0,0,313,1250,2340,7030,39200,126000,159000,239000,400000,409000,2800000,2860000,2930000,5770000,6170000,7600000,8420000,9360000,10400000,5620000,12600000,12900000,13200000
Suriname,0,0,0,0,0,507,1010,4560,7680,8800,11800,14600,20100,23000,30000,32000,48000,72100,109000,164000,167000,171000,188000,205000,222000,239000,256000,279000,282000,285000
Sweden,50100,100000,130000,150000,300000,450000,801000,2100000,2970000,3680000,4060000,4610000,6300000,7080000,7540000,7670000,7980000,7510000,8310000,8470000,8450000,8780000,8890000,9120000,8970000,8850000,8820000,9460000,9190000,9480000
Switzerland,39600,79300,119000,149000,189000,248000,320000,1070000,1760000,2420000,3360000,3960000,4430000,4730000,4970000,5180000,5650000,5820000,6040000,6270000,6550000,6740000,6820000,7000000,7170000,7260000,7470000,7580000,7650000,8000000
Syria,0,0,0,0,0,0,0,4950,9940,19900,29800,59300,358000,592000,770000,1040000,1490000,2290000,2890000,3670000,4420000,4740000,4970000,5130000,5260000,5400000,5570000,5860000,5800000,5850000
Tajikistan,0,0,0,0,0,0,,,,2010,3020,3240,3570,4230,5160,20300,261000,508000,633000,742000,869000,1000000,1140000,1290000,1440000,1600000,1770000,1950000,2000000,2050000
Tanzania,0,0,0,0,0,0,494,2460,2950,24600,39300,58900,78600,246000,328000,423000,514000,651000,795000,1030000,1290000,1460000,1860000,2130000,3500000,10300000,6900000,13700000,14100000,14500000
Thailand,0,30,199,7920,22700,44500,69400,219000,672000,1510000,2320000,3530000,4830000,6000000,6940000,9830000,11300000,13300000,12100000,13400000,15100000,16000000,17900000,19700000,23900000,27000000,32800000,36600000,39400000,46400000
Timor-Leste,0,0,0,0,0,0,,,,,,,0,0,0,985,5080,10400,15800,21500,32800,44500,79300,127000,206000,275000,308000,342000,349000,356000
Togo,0,0,0,0,0,0,475,9470,14200,28200,39400,45600,52000,64000,82000,101000,115000,130000,146000,163000,193000,231000,271000,313000,407000,521000,849000,952000,975000,999000
Tonga,0,0,0,0,0,118,158,494,742,992,2390,2780,2880,2970,3960,4950,5950,7370,8390,10400,16600,25900,30800,33300,36300,39000,40400,42100,42600,43100
Trinidad and Tobago,0,0,0,0,0,1980,4940,14800,34400,73500,97800,196000,281000,333000,349000,376000,391000,423000,457000,585000,644000,738000,800000,864000,887000,948000,1010000,1070000,1070000,1080000
Tunisia,0,0,0,0,662,1020,2560,4100,10300,154000,267000,421000,519000,646000,855000,976000,1320000,1760000,2870000,3590000,3910000,4200000,4500000,4800000,5110000,5200000,5610000,7340000,7420000,7800000
Turkey,0,0,0,4790,28700,47800,115000,286000,429000,1430000,2380000,3330000,7410000,8150000,9770000,10500000,12500000,19900000,24200000,26000000,28800000,31600000,33700000,35100000,39400000,42200000,46600000,52500000,58500000,61700000
Turkmenistan,0,0,0,0,0,0,,,,2010,6020,8000,13900,19800,35500,47400,63500,68500,86400,97700,153000,259000,379000,515000,667000,835000,1020000,1220000,1240000,1260000
Tuvalu,0,0,0,0,0,0,,,,,492,497,503,510,517,524,,1020,1550,2080,2630,3190,3760,4010,4300,4740,5170,5610,5670,5750
Uganda,0,0,0,0,0,585,973,2240,14600,24200,38700,58000,96700,121000,193000,482000,723000,1080000,2400000,3070000,4050000,4360000,4870000,5530000,6240000,6820000,8670000,9760000,10100000,10500000
Ukraine,0,0,0,399,6980,21900,49900,99800,150000,200000,350000,600000,899000,1500000,1650000,1760000,2100000,3040000,5080000,8230000,10700000,13100000,16000000,18500000,20900000,22000000,23700000,26200000,26100000,25900000
United Arab Emirates,0,0,0,0,0,2490,9530,88000,194000,443000,740000,868000,985000,1090000,1230000,1840000,2760000,3760000,4470000,5070000,5810000,6980000,7770000,8090000,8330000,8380000,8480000,9000000,9480000,9690000
United Kingdom,49900,99800,150000,299000,599000,1100000,2400000,4310000,8000000,12500000,15800000,19800000,33500000,38600000,39300000,42200000,41900000,46100000,48700000,52500000,53900000,54700000,56400000,58400000,59900000,60600000,62800000,63100000,63700000,62500000
United States,1980000,2960000,4430000,5900000,12800000,24500000,44100000,58700000,82800000,99900000,121000000,140000000,169000000,179000000,189000000,201000000,205000000,225000000,225000000,217000000,222000000,217000000,235000000,226000000,233000000,239000000,276000000,284000000,285000000,287000000
Uruguay,0,0,0,0,2000,10000,60000,110000,230000,330000,350000,370000,380000,530000,567000,667000,978000,1130000,1310000,1400000,1560000,1730000,1840000,1960000,2090000,2200000,2270000,2350000,2360000,2660000
Uzbekistan,0,0,0,0,0,348,995,2490,4990,7490,120000,150000,275000,492000,676000,884000,1710000,2040000,2510000,3340000,4530000,5390000,6950000,8020000,10800000,13200000,14700000,16700000,17000000,17300000
Vanuatu,0,0,0,0,0,0,98,244,488,976,3900,5360,6810,7770,9690,10600,12500,14900,16300,17300,18900,22300,26400,29000,49600,60600,66800,73400,75300,77100
Venezuela,0,0,2480,8740,11900,26800,55600,89300,322000,674000,813000,1140000,1230000,1920000,2180000,3320000,4090000,5680000,7150000,9170000,10600000,11600000,14400000,16300000,17100000,19300000,17900000,21200000,20800000,20500000
Vietnam,0,0,0,0,0,0,103,3070,10200,102000,203000,1020000,1510000,3110000,6350000,10700000,14600000,17700000,20600000,23100000,27000000,31200000,33000000,34900000,37600000,41700000,49600000,55000000,67200000,66300000
Yemen,0,0,0,0,0,0,96,2400,3840,9580,14400,16300,95700,115000,172000,211000,258000,1070000,1510000,2240000,2860000,3550000,4270000,5030000,5820000,6380000,6680000,7440000,7610000,7790000
Zambia,0,0,0,0,601,799,847,895,2980,14900,19900,24900,52400,110000,233000,338000,506000,609000,713000,834000,1360000,1610000,1950000,2300000,2930000,3330000,4170000,4690000,2480000,2550000
Zimbabwe,0,0,0,0,196,877,1940,3860,9590,19100,47700,95400,131000,216000,252000,290000,292000,368000,433000,501000,813000,1080000,1570000,2070000,2220000,3140000,3240000,3850000,3910000,3960000
